{"v":["1.000000","-1.000000","-1.000000","1.000000","-1.000000","1.000000","-1.000000","-1.000000","1.000000","-1.000000","-1.000000","-1.000000","1.000000","1.000000","-0.999999","0.999999","1.000000","1.000001","-1.000000","1.000000","1.000000","-1.000000","1.000000","-1.000000"],"vn":["0.000000","-1.000000","0.000000","0.000000","1.000000","0.000000","1.000000","0.000000","0.000000","-0.000000","-0.000000","1.000000","-1.000000","-0.000000","-0.000000","0.000000","0.000000","-1.000000"],"vt":[],"iv":[0,1,2,3,4,7,6,5,0,4,5,1,1,5,6,2,2,6,7,3,4,0,3,7],"in":[],"it":[0,0,0,0,1,1,1,1,2,2,2,2,3,3,3,3,4,4,4,4,5,5,5,5]}